chr,pos,Ref_allele,Alt_allele,Depth_total,Depth_ref,Depth_alt,SVM_pos_score,LDrefine_twoLoci_score,LDrefine_trioLoci_score,LDrefine_merged_score,BAF_alt
chr18,112139,G,C,30,7,15,0.955044409716233,NA,NA,NA,0.681818181818182
chr18,158410,G,C,311,179,10,0.0600530210044378,0,NA,0,0.0529100529100529
chr18,596992,T,G,98,64,9,0.232392624795838,0.467501600326509,0.426227099182532,0.446864349754521,0.123287671232877
chr18,712356,G,T,26,14,7,0.245506839705334,0.206008372854028,0,0.103004186427014,0.333333333333333
chr18,2846875,A,C,63,27,25,0.986661358973253,0.450580494937694,0.333333333333333,0.391956914135514,0.480769230769231
chr18,2857554,C,T,18,8,8,0.993563826886044,0,0,0,0.5
chr18,3262433,G,C,20,11,8,0.969170266230327,0.220134323366867,0.176599291755151,0.198366807561009,0.421052631578947
chr18,11981441,C,G,114,82,6,0.178339688380318,0.390875455002503,0.364801139208409,0.377838297105456,0.0681818181818182
chr18,12947756,T,C,341,284,4,0.932250658344934,0.456537008715368,0.497765505554528,0.477151257134948,0.0138888888888889
chr18,13726683,G,A,296,122,101,0.965906557851072,0.032258064516129,0,0.0161290322580645,0.452914798206278
chr18,15409299,G,A,12,7,4,0.99109075074256,0.25,0.25,0.25,0.363636363636364
chr18,21111905,C,G,327,274,5,0.037777432828415,0.399851329483505,0.439252336448598,0.419551832966052,0.017921146953405
chr18,25352261,G,A,60,20,19,0.996030204398856,0.492565635724393,0.25,0.371282817862196,0.487179487179487
chr18,50374938,G,C,532,215,144,0.817146956157364,0.414214602536203,0.137504792053629,0.275859697294916,0.401114206128134
chr18,54223646,T,G,38,14,16,0.999323452796321,0.434782608695652,0.272727272727273,0.353754940711462,0.533333333333333
chr18,63198910,T,C,12,5,6,0.95459554302521,0.289828762983993,0,0.144914381491997,0.545454545454545
chr18,76401788,C,G,61,27,10,0.595784154304808,0.446990582406642,0.454545454545455,0.450768018476048,0.27027027027027
chr18,77062512,A,G,92,36,4,0.963328343598241,0.340844425592339,0.0541976973309102,0.197521061461625,0.1
chr18,79336043,A,G,13,5,4,0.895846555459025,0,0,0,0.444444444444444
chr18,79410454,C,T,12,5,6,0.999638669043853,0.108490979645258,0.25,0.179245489822629,0.545454545454545
chr18,79684975,T,C,34,13,13,0.157344805959207,0.207897871959728,0.324684790057339,0.266291331008533,0.5
chr18,80258333,G,T,15,6,4,0.850895411863535,NA,NA,NA,0.4
